Fecha de aprobacion,Tipo de documento,Area,Consecutivo,Codigo,Nombre del documento,Version,Vigencia,Ubicación,Tipo de proceso,Proceso,Directivo,Administrativo,Operativo,Descargable,Tiempo,Lugar,Tipo de cambio,Fecha de vencimiento,Estado actual
29/8/2026,MN,GAD,001,MN-GAD-001,Programa de auditoría para el mejoramiento de la calidad (PAMEC),v01,01/08/2026,Intranet,Estrategico,Planeación Estratégica y Dirección,X,X,X,SI,5 Años,Archivo Digital,Creación del documento,01/08/2031,Activo
01/08/2026,PR,GAD,001,PR-GAD-001,Planeacion estrategica,1,01/08/2026,Intranet,Apoyo,Planeación Estratégica y Dirección,,X,,SI,5 Años,Oficina central,Creacion del documento,01/08/2031,Activo
01/08/2026,PT,GAD,001,PT-GAD-001,Política de seguridad del paciente,1,01/08/2026,Intranet,Estrategico,Gestión Administrativa y Financiera,X,X,X,SI,Infinitivo,Ofinica Central y sede,Creacion del documento,N/A,Activo
01/08/2026,PR,GAD,002,PR-GAD-002,Proceso financiero y contable,1,01/08/2026,Intranet,Apoyo,Gestión Financiera y Contable,,X,X,SI,5 Años,Oficina central,Creacion del documento,01/08/2031,Activo
01/08/2026,PT,GAD,002,PT-GAD-002,Política marco de conflicto de interes,1,01/08/2026,Intranet,Estrategico,Planeación Estratégica y Dirección,X,X,X,SI,5 Años,Ofinica Central y sede,Creacion del documento,01/08/2031,Activo
01/08/2026,PR,GAD,003,PR-GAD-003,Proceso de gestion del talento humano,1,01/08/2026,Intranet,Apoyo,Gestion Humana,X,X,,SI,5 Años,Oficina central,Creacion del documento,01/08/2031,Activo
01/08/2026,PT,GAD,003,PT-GAD-003,Codigo de conducta y buen gobierno,1,01/08/2026,Intranet,Estrategico,Planeación Estratégica y Dirección,X,X,X,SI,5 Años,Ofinica Central y sede,Creacion del documento,01/08/2031,Activo
01/08/2026,PT,GAD,004,PT-GAD-004,Política de gestion ambiental,1,01/08/2026,Intranet,Estrategico,Planeación Estratégica y Dirección,X,X,X,SI,5 Años,Ofinica Central y sede,Creacion del documento,01/08/2031,Activo
7/9/2026,PT,GAD,005,PT-GAD-005,Política de atención centrada en la persona,v01,1/8/2026,Intranet,Estrategico,Planeación Estratégica y Dirección,X,X,X,SI,5 Años,Oficina central y sede,Actualización de metadatos,07/09/2031,Activo
01/08/2026,FMT,GFI,001,FMT-GFI-001,Conciliacion bancaria,1,01/08/2026,Intranet,Apoyo,Gestión Financiera y Contable,,X,X,SI,5 Años,Archivo Digital,Creacion del documento,N/A,Activo
01/08/2026,INS,GFI,001,INS-GFI-001,Instructivo de cambio o ingreso de política financiera,1,01/08/2026,Intranet,Apoyo,Gestión Financiera y Contable,X,X,X,SI,5 Años,Ofinica Central y sede,Creacion del documento,01/08/2031,Activo
01/08/2026,MN,GFI,001,MN-GFI-001,Manual de políticas de gestión financiera,1,01/08/2026,Intranet,Apoyo,Gestión Financiera y Contable,X,X,X,SI,5 Años,Ofinica Central y sede,Creacion del documento,01/08/2031,Activo
01/08/2026,PT,GFI,001,PT-GFI-001,Política de informacion financiera,1,01/08/2026,Intranet,Estrategico,Gestión Financiera y Contable,X,X,,SI,Infinitivo,Ofinica Central y sede,Creacion del documento,N/A,Activo
01/08/2026,FMT,GFI,002,FMT-GFI-002,Reembolso de caja menor,1,01/08/2026,Intranet,Apoyo,Gestión Financiera y Contable,,X,X,SI,5 Años,Archivo Digital,Creacion del documento,N/A,Activo
01/08/2026,INS,GFI,002,INS-GFI-002,Instructivo de manejo de caja menor,1,01/08/2026,Intranet,Apoyo,Gestión Financiera y Contable,X,X,,SI,5 Años,Oficina central,Creacion del documento,01/08/2031,Activo
01/08/2026,PT,GFI,002,PT-GFI-002,Política de gestión de viáticos,1,01/08/2026,Intranet,Estrategico,Gestión Financiera y Contable,X,X,,SI,5 Años,Oficina central,Creacion del documento,01/08/2031,Activo
01/08/2026,FMT,GFI,003,FMT-GFI-003,Formulario de Vinculacion de Proveedores,1,01/08/2026,Intranet,Apoyo,Gestión Financiera y Contable,,X,X,SI,5 Años,Ofinica Central y sede,Creacion del documento,01/08/2031,Activo
01/08/2026,DA,GIC,001,DA-GIC-001,Firmas autorizadas para el sistema de gestion documental de calidad,1,01/08/2026,PC de GIC,Estratégicos,Gestión Integral Calidad,X,X,X,SI,5 Años,Oficina central,Actualización de versión,01/08/2028,Activo
01/08/2026,FMT,GIC,001,FMT-GIC-001,Responsabilidades y rendicion de cuentas de participantes de comites,1,01/08/2026,Intranet,Calidad,Gestión Integral de Calidad,,X,X,SI,5 Años,Oficina central,Creacion del documento,01/08/2031,Activo
01/08/2026,INS,GIC,001,INS-GIC-001,Estructura documental del sistema de gestion documental de calidad,1,01/08/2026,Intranet,Calidad,Gestión Integral de Calidad,X,X,X,SI,Indefinido,Oficina central,Creacion del documento,N/A,Activo
01/08/2026,MN,GIC,001,MN-GIC-001,Sistema de gestion documental de calidad,1,01/08/2026,Intranet,Calidad,Gestión Integral de Calidad,X,X,X,SI,Infinitivo,Oficina central,Creacion del documento,N/A,Activo
01/08/2026,FMT,GIC,002,FMT-GIC-002,Seguimiento a registros de gestion integral de calidad,1,01/08/2026,PC de GIC,Calidad,Gestión Integral de Calidad,X,X,X,SI,Infinitivo,Oficina central,Creacion del documento,N/A,Activo
01/08/2026,INS,GIC,002,INS-GIC-002,Control de registros del sistema de gestion documental de calidad,1,01/08/2026,Intranet,Calidad,Gestión Integral de Calidad,,X,X,SI,3 Años,Ofinica Central y sede,Creacion del documento,01/08/2029,Activo
01/08/2026,FMT,GIC,003,FMT-GIC-003,Política Institucional,1,01/08/2026,Intranet,Calidad,Gestión Integral de Calidad,,X,X,SI,N/A,Ofinica Central y sede,Creacion del documento,N/A,Activo
01/08/2026,INS,GIC,003,INS-GIC-003,Compromiso de confidencialidad comites institucionales,1,01/08/2026,Intranet,Calidad,Gestión Integral de Calidad,,X,,SI,5 años,Oficina central,Creacion del documento,01/08/2031,Activo
01/08/2026,FMT,GIC,004,FMT-GIC-004,Manual institucional,1,01/08/2026,Intranet,Calidad,Gestión Integral de Calidad,,X,X,SI,N/A,Ofinica Central y sede,Creacion del documento,N/A,Activo
01/08/2026,INS,GIC,004,INS-GIC-004,Acciones de formacion continua del talento humano en salud,1,01/08/2026,Intranet,Calidad,Gestión Integral de Calidad,,X,X,SI,5 Años,Ofinica Central y sede,Actualizacion de contenido,01/08/2031,Activo
01/08/2026,FMT,GIC,005,FMT-GIC-005,Proceso institucional,1,01/08/2026,Intranet,Calidad,Gestión Integral de Calidad,,X,X,SI,N/A,Ofinica Central y sede,Creacion del documento,N/A,Activo
01/08/2026,INS,GIC,005,INS-GIC-005,Instructivo de acceso a la plataforma virtual de educacion,1,01/08/2026,Intranet,Calidad,Gestión Integral de Calidad,,X,X,SI,5 Años,Ofinica Central y sede,Creacion del documento,01/08/2031,Activo
01/08/2026,FMT,GIC,006,FMT-GIC-006,Instructivo institucional,1,01/08/2026,Intranet,Calidad,Gestión Integral de Calidad,,X,X,SI,N/A,Ofinica Central y sede,Creacion del documento,N/A,Activo
01/08/2026,INS,GIC,006,INS-GIC-006,Instructivo de induccion corporativa,1,01/08/2026,Intranet,Calidad,Gestión Integral de Calidad,,X,X,SI,5 Años,Ofinica Central y sede,Actualizacion de contenido,01/08/2031,Activo
01/08/2026,FMT,GIC,007,FMT-GIC-007,Formato institucional,1,01/08/2026,Intranet,Calidad,Gestión Integral de Calidad,,X,X,SI,N/A,Ofinica Central y sede,Creacion del documento,N/A,Activo
01/08/2026,INS,GIC,007,INS-GIC-007,Seguimiento operativo de indicadores (SOI),1,01/08/2026,Intranet,Calidad,Gestión Integral de Calidad,,X,X,SI,5 Años,Ofinica Central y sede,Creacion del documento,01/08/2031,Activo
01/08/2026,FMT,GIC,008,FMT-GIC-008,Documento de apoyo institucional,1,01/08/2026,Intranet,Calidad,Gestión Integral de Calidad,,X,X,SI,N/A,Ofinica Central y sede,Creacion del documento,N/A,Activo
01/08/2026,INS,GIC,008,INS-GIC-008,Acciones de formación continua del talento humano en salud especialistas,1,01/08/2026,Intranet,Calidad,Gestión Integral de Calidad,X,X,X,SI,5 Años,Oficina Central,Creación del documento,01/08/2031,Activo
01/08/2026,FMT,GIC,009,FMT-GIC-009,Acto administrativo,1,01/08/2026,Intranet,Calidad,Gestión Integral de Calidad,,X,X,SI,N/A,Ofinica Central y sede,Creacion del documento,N/A,Activo
01/08/2026,INS,GIC,009,INS-GIC-009,Acuerdo de confidencialidad y manejo de la informacion,1,01/08/2026,Intranet,Calidad,Gestión Integral de Calidad,X,X,X,SI,5 Años,Oficina Central,Creación del documento,01/08/2031,Activo
01/08/2026,FMT,GIC,010,FMT-GIC-010,Matriz de indicadores de gestion,1,01/08/2026,PC de GIC,Calidad,Gestión Integral de Calidad,X,X,,NO,2 Años,Oficina central,Creacion del documento,01/08/2028,Activo
01/08/2026,FMT,GIC,011,FMT-GIC-011,Ficha tecnica de indicadores de gestion,1,01/08/2026,PC de GIC,Calidad,Gestión Integral de Calidad,X,X,,SI,2 Años,Ofinica Central y sede,Creacion del documento,01/08/2028,Activo
01/08/2026,FMT,GIC,012,FMT-GIC-012,Acta de reunion,1,01/08/2026,Intranet,Calidad,Gestión Integral de Calidad,X,X,X,SI,5 Años,Ofinica Central y sede,Creacion del documento,01/08/2031,Activo
01/08/2026,FMT,GIC,013,FMT-GIC-013,Plan de mejoramiento,1,01/08/2026,Intranet,Calidad,Gestión Integral de Calidad,,X,X,SI,5 Años,Ofinica Central y sede,Creacion del documento,01/08/2031,Activo
01/08/2026,FMT,GIC,014,FMT-GIC-014,"Entrega de documentacion, registros y procesos",1,01/08/2026,Intranet,Calidad,Gestión Integral de Calidad,,X,X,SI,5 Años,Ofinica Central y sede,Creacion del documento,01/08/2031,Activo
25/9/2026,FMT,GIC,015,FMT-GIC-015,Definición de criterios de formación,v01,1/8/2026,Intranet,Calidad,Gestón Integral de Calidad,X,X,X,SI,5 Años,Oficina Central y sede,Actualización institucional de metadatos,25/09/2031,Activo
25/9/2026,FMT,GIC,015-1,FMT-GIC-015-1,Definición de criterios de formación anticoagulados 2026-1,v01,25/9/2026,Intranet,Calidad,Gestón Integral de Calidad,X,X,X,SI,5 Años,Archivo Digital,Creación del documento,25/09/2031,Activo
25/9/2026,FMT,GIC,015-2,FMT-GIC-015-2,Definición de criterios de formación anticoagulados 2026-2,v01,25/9/2026,Intranet,Calidad,Gestón Integral de Calidad,X,X,X,SI,5 Años,Archivo Digital,Creación del documento,25/09/2031,Activo
26/09/2026,FMT,GIC,015-3,FMT-GIC-015-3,Definición de criterios de formación Asma y EPOC 2026,v01,26/09/2026,Intranet,Calidad,Gestón Integral de Calidad,X,X,X,SI,5 Años,Oficina central y sede,Registro derivado de FMT-GIC-016,26/09/2031,Activo
1/8/2026,FMT,GIC,015-4,FMT-GIC-015-4,Definición de criterios de formación CPR 2026-1,v01,01/08/2026,Intranet,Calidad,Gestón Integral de Calidad,X,X,X,SI,5 Años,Oficina central y sede,Actualización de metadatos,01/08/2031,Activo
27/09/2026,FMT,GIC,015-5,FMT-GIC-015-5,Definición de criterios de formación CPR 2026-2,v01,27/09/2026,Intranet,Calidad,Gestón Integral de Calidad,X,X,X,SI,5 Años,Oficina central y sede,Registro derivado de FMT-GIC-016,27/09/2031,Activo
27/09/2026,FMT,GIC,015-6,FMT-GIC-015-6,Definición de criterios de formación especialistas 2026-1,v01,27/09/2026,Intranet,Calidad,Gestón Integral de Calidad,X,X,X,SI,5 Años,Oficina central y sede,Registro derivado de FMT-GIC-016,27/09/2031,Activo
27/09/2026,FMT,GIC,015-7,FMT-GIC-015-7,Definición de criterios de formación especialistas 2026-2,v01,27/09/2026,Intranet,Calidad,Gestón Integral de Calidad,X,X,X,SI,5 Años,Oficina central y sede,Registro derivado de FMT-GIC-016,27/09/2031,Activo
27/09/2026,FMT,GIC,015-8,FMT-GIC-015-8,Definición de criterios de formación infancia 2026-1,v01,27/09/2026,Intranet,Calidad,Gestón Integral de Calidad,X,X,X,SI,5 Años,Oficina central y sede,Registro derivado de FMT-GIC-016,27/09/2031,Activo
01/08/2026,DA,GMD,001,DA-GMD-001,Modelo de historia clinica de medicina domiciliaria,1,01/08/2026,Intranet,Misional,Gestión de medicina general,,X,X,SI,5 Años,Ofinica Central y sede,Creacion del documento,01/08/2031,Activo
01/08/2026,FMT,GMD,001,FMT-GMD-001,Auditoria de historia clinica consulta medico general,1,01/08/2026,Intranet,Misional,Gestión Integral de Calidad,,X,X,SI,5 Años,Ofinica Central y sede,Creacion del documento,01/08/2031,Activo
01/08/2026,INS,GMD,001,INS-GMD-001,Registro de crecimiento y desarrollo individual en historia clinica,1,01/08/2026,Intranet,Misional,Gestión de medicina general,,X,X,SI,2 Años,Ofinica Central y sede,Creacion del documento,01/08/2028,Activo
01/08/2026,MN,GMD,001,MN-GMD-001,Prestacion de servicios de salud en consulta medica,1,01/08/2026,Intranet,Misional,Gestión de medicina general,,X,X,SI,2 Años,Ofinica Central y sede,Creacion del documento,01/08/2028,Activo
01/08/2026,PR,GMD,001,PR-GMD-001,Proceso de gestion especialistas,1,01/08/2026,Intranet,Misional,Gestión de especialistas,X,X,,SI,5 Años,Ofinica Central y sede,Creacion del documento,01/08/2031,Activo
01/08/2026,DA,GMD,002,DA-GMD-002,Modelo de historia clínica de consulta de ingreso/control rcv hta,1,01/08/2026,Intranet,Misional,Gestión de medicina general,,X,X,SI,5 Años,Ofinica Central y sede,Creacion del documento,01/08/2031,Activo
01/08/2026,FMT,GMD,002,FMT-GMD-002,Auditoria de historia clinica de teleconsulta,1,01/08/2026,Intranet,Misional,Gestión Integral de Calidad,,X,X,SI,5 Años,Ofinica Central y sede,Creacion del documento,01/08/2031,Activo
01/08/2026,INS,GMD,002,INS-GMD-002,Registro de codigo fuscia en historia clinica,1,01/08/2026,Intranet,Misional,Gestión de medicina general,,X,X,SI,2 Años,Ofinica Central y sede,Creacion del documento,01/08/2028,Activo
01/08/2026,PR,GMD,002,PR-GMD-002,Inducción especialistas,1,01/08/2026,Intranet,Misional,Gestión de especialistas,,X,X,SI,5 Años,Ofinica Central y sede,Creacion del documento,01/08/2031,Activo
01/08/2026,DA,GMD,003,DA-GMD-003,Modelo de historia clínica de consulta de ingreso/control rcv diabetes mellitus,1,01/08/2026,Intranet,Misional,Gestión de medicina general,,X,X,SI,5 Años,Ofinica Central y sede,Creacion del documento,01/08/2031,Activo
01/08/2026,FMT,GMD,003,FMT-GMD-003,Auditoria de historia clinica puerta de entrada y seguimiento COVID 19,1,01/08/2026,Intranet,Misional,Gestión Integral de Calidad,,X,X,SI,5 Años,Ofinica Central y sede,Creacion del documento,01/08/2031,Activo
01/08/2026,INS,GMD,003,INS-GMD-003,Registro de procedimientos menores en historia clinica,1,01/08/2026,Intranet,Misional,Gestión de medicina general,,X,X,SI,2 Años,Ofinica Central y sede,Creacion del documento,01/08/2028,Activo
01/08/2026,DA,GMD,004,DA-GMD-004,Pautas de manejo para el retiro de especialistas,1,01/08/2026,Intranet,Misional,Gestión de medicina general,,X,,SI,5 Años,Ofinica Central y sede,Creacion del documento,01/08/2031,Activo
01/08/2026,FMT,GMD,004,FMT-GMD-004,Auditoria de historia clinica sede covid,1,01/08/2026,Intranet,Misional,Gestión Integral de Calidad,,X,X,SI,5 Años,Ofinica Central y sede,Creacion del documento,01/08/2031,Activo
01/08/2026,INS,GMD,004,INS-GMD-004,Gestion medica,1,01/08/2026,Intranet,Misional,Gestión de medicina general,,X,X,SI,5 Años,Ofinica Central y sede,Creacion del documento,01/08/2031,Activo
01/08/2026,DA,GMD,005,DA-GMD-005,Signos y sintomas de alarma específicos de patologías osteomusculares,1,01/08/2026,Intranet,Misional,Gestión de medicina general,,X,X,SI,5 Años,Ofinica Central y sede,Creacion del documento,01/08/2031,Activo
01/08/2026,FMT,GMD,005,FMT-GMD-005,Entrega de turno,1,01/08/2026,Intranet,Misional,Gestión de medicina general,,X,X,SI,5 Años,Ofinica Central y sede,Creacion del documento,01/08/2031,Activo
01/08/2026,INS,GMD,005,INS-GMD-005,Encolamiento de pacientes,1,01/08/2026,Intranet,Misional,Gestión de medicina general,,X,X,SI,2 años,Ofinica Central y sede,Creacion del documento,01/08/2028,Activo
01/08/2026,DA,GMD,006,DA-GMD-006,Ingreso a control prenatal (CPR),1,01/08/2026,Intranet,Misional,Gestión de medicina general,,X,X,SI,5 Años,Oficina central y sede,Creacion del documento,01/08/2031,Activo
01/08/2026,FMT,GMD,006,FMT-GMD-006,Auditoria de Historia clinica AIEPI,1,01/08/2026,Intranet,Misional,Gestión Integral de Calidad,,X,X,SI,5 Años,Ofinica Central y sede,Creacion del documento,01/08/2031,Activo
01/08/2026,DA,GMD,007,DA-GMD-007,Guia de atención gestante por medico general,1,01/08/2026,Intranet,Misional,Gestión de medicina general,,X,X,SI,5 Años,Ofinica Central y sede,Creacion del documento,01/08/2031,Activo
01/08/2026,FMT,GMD,007,FMT-GMD-007,Auditoria de pertinencia de ayudas diagnosticas,1,01/08/2026,Intranet,Misional,Gestión Integral de Calidad,,X,X,SI,5 Años,Ofinica Central y sede,Creacion del documento,01/08/2031,Activo
01/08/2026,INS,GMD,007,INS-GMD-007,Central de novedades,1,01/08/2026,Intranet,Misional,Gestión de medicina general,,X,X,SI,5 Años,Ofinica Central y sede,Creacion del documento,01/08/2031,Activo
01/08/2026,DA,GMD,008,DA-GMD-008,Guía Consulta de egreso control prenatal (CPR) y Planificación Familiar,1,01/08/2026,Intranet,Misional,Gestión de medicina general,,X,X,SI,5 Años,Oficina central y sede,Creacion del documento,01/08/2031,Activo
01/08/2026,FMT,GMD,008,FMT-GMD-008,Informe de auditorias de historias clinicas,1,01/08/2026,Intranet,Misional,Gestión Integral de Calidad,,X,X,SI,5 Años,Ofinica Central y sede,Creacion del documento,01/08/2031,Activo
01/08/2026,INS,GMD,008,INS-GMD-008,Teleapoyo de especialidades capitadas,1,01/08/2026,Intranet,Misional,Gestión Médica,,X,X,SI,5 Años,Ofinica Central y sede,Creacion del documento,01/08/2031,Activo
01/08/2026,DA,GMD,009,DA-GMD-009,Guía consulta postaborto,1,01/08/2026,Intranet,Misional,Gestión de medicina general,,X,X,SI,5 Años,Ofinica Central y sede,Creacion del documento,01/08/2031,Activo
01/08/2026,FMT,GMD,009,FMT-GMD-009,Auditoria de pertinencia de concepto clinico virtual,1,01/08/2026,Intranet,Misional,Gestión Médica,,X,,SI,5 Años,Ofinica Central y sede,Creacion del documento,01/08/2031,Activo
01/08/2026,INS,GMD,009,INS-GMD-009,Protocolo para abordaje integral en salud sífilis gestacional y congénita.,1,01/08/2026,Intranet,Misional,Gestión Médica,,X,X,SI,2 Años,Ofinica Central y sede,Creacion del documento,01/08/2028,Activo
01/08/2026,DA,GMD,010,DA-GMD-010,Guía de recomendaciones y signos de alarma en control prenatal (CPR),1,01/08/2026,Intranet,Misional,Gestión de medicina general,,X,X,SI,5 Años,Oficina central y sede,Creacion del documento,01/08/2031,Activo
01/08/2026,FMT,GMD,010,FMT-GMD-010,Reporte y analisis de seguridad del paciente,1,01/08/2026,Intranet,Misional,Gestión de medicina general,,X,X,SI,5 Años,Ofinica Central y sede,Creacion del documento,01/08/2031,Activo
01/08/2026,INS,GMD,010,INS-GMD-010,Control de registros del reconocimiento del tiempo a los médicos por las caídas del sistema,1,01/08/2026,Intranet,Misional,Gestión Médica,,X,X,SI,2 Años,Ofinica Central y sede,Creacion del documento,01/08/2028,Activo
01/08/2026,DA,GMD,011,DA-GMD-011,Guía de historia clínica en consulta código fucsia con menor de edad,1,01/08/2026,Intranet,Misional,Gestión de medicina general,,X,X,SI,5 Años,Ofinica Central y sede,Creacion del documento,01/08/2031,Activo
01/08/2026,FMT,GMD,011,FMT-GMD-011,Entrega resultados proveedores asistenciales,1,01/08/2026,Intranet,Misional,Gestión de medicina general,,X,,SI,5 Años,Ofinica Central y sede,Creacion del documento,01/08/2031,Activo
01/08/2026,INS,GMD,011,INS-GMD-011,Manejo del buzon de red externa,1,01/08/2026,Intranet,Misional,Gestión de especialistas,X,X,X,SI,5 años,Ofinica Central y sede,Creacion del documento,01/08/2031,Activo
01/08/2026,DA,GMD,012,DA-GMD-012,Guía historia clínica programa rías juventud,1,01/08/2026,Intranet,Misional,Gestión de medicina general,,X,X,SI,5 Años,Ofinica Central y sede,Creacion del documento,01/08/2031,Activo
01/08/2026,FMT,GMD,012,FMT-GMD-012,Formato auditoria de historia clínica consulta control prenatal (CPR),1,01/08/2026,Intranet,Misional,Gestión Integral de Calidad,,X,X,SI,5 Años,Oficina central y sede,Creacion del documento,01/08/2031,Activo
01/08/2026,INS,GMD,012,INS-GMD-012,Indicadores de especialistas,1,01/08/2026,Intranet,Misional,Gestión de especialistas,X,X,X,SI,5 años,Ofinica Central y sede,Creacion del documento,01/08/2031,Activo
01/08/2026,DA,GMD,013,DA-GMD-013,Guía historia clínica programa rías adultez,1,01/08/2026,Intranet,Misional,Gestión de medicina general,,X,X,SI,5 Años,Ofinica Central y sede,Creacion del documento,01/08/2031,Activo
01/08/2026,FMT,GMD,013,FMT-GMD-013,Diagrama de Proceso de Especialistas,1,01/08/2026,Intranet,Misional,Gestión de especialistas,,X,,SI,5 Años,Ofinica Central y sede,Creacion del documento,01/08/2031,Activo
01/08/2026,DA,GMD,014,DA-GMD-014,Guía historia clínica programa RIAS vejez,1,01/08/2026,Intranet,Misional,Gestión de medicina general,,X,X,SI,5 Años,Ofinica Central y sede,Creacion del documento,01/08/2031,Activo
01/08/2026,FMT,GMD,014,FMT-GMD-014,Fomato auditoria de historia clinica consulta ginecología,1,01/08/2026,Intranet,Misional,Gestión Integral de Calidad,,X,X,SI,5 Años,Ofinica Central y sede,Creacion del documento,01/08/2031,Activo
01/08/2026,INS,GMD,014,INS-GMD-014,Modelo de Atencion de Alta Resolucion para Medicina Interna,1,01/08/2026,Intranet,Misional,Gestión de especialistas,X,X,X,SI,5 años,Ofinica Central y sede,Creacion del documento,01/08/2031,Activo
01/08/2026,DA,GMD,015,DA-GMD-015,Guía historia clínica programa rías adolescencia,1,01/08/2026,Intranet,Misional,Gestión de medicina general,,X,X,SI,5 Años,Ofinica Central y sede,Creacion del documento,01/08/2031,Activo
01/08/2026,FMT,GMD,015,FMT-GMD-015,Fomato auditoria de historia clinica consulta infancia,1,01/08/2026,Intranet,Misional,Gestión Integral de Calidad,,X,X,SI,5 Años,Ofinica Central y sede,Creacion del documento,01/08/2031,Activo
01/08/2026,INS,GMD,015,INS-GMD-015,Vacaciones de Especialistas Vinculados,1,01/08/2026,Intranet,Misional,Gestión de especialistas,X,X,X,SI,5 años,Ofinica Central y sede,Creacion del documento,01/08/2031,Activo
01/08/2026,DA,GMD,016,DA-GMD-016,Guía programa epoc,1,01/08/2026,Intranet,Misional,Gestión de medicina general,,X,X,SI,5 Años,Ofinica Central y sede,Creacion del documento,01/08/2031,Activo
01/08/2026,FMT,GMD,016,FMT-GMD-016,Seguimiento Modelos de Alta Resolutividad,1,01/08/2026,Intranet,Misional,Gestión de especialistas,,X,,SI,5 Años,Ofinica Central y sede,Creacion del documento,01/08/2031,Activo
01/08/2026,INS,GMD,016,INS-GMD-016,Logueo Para Respuesta de Conceptos Virtuales,1,01/08/2026,Intranet,Misional,Gestión de especialistas,X,X,X,SI,5 años,Ofinica Central y sede,Creacion del documento,01/08/2031,Activo
01/08/2026,DA,GMD,017,DA-GMD-017,Guia asma,1,01/08/2026,Intranet,Misional,Gestión de medicina general,,X,X,SI,5 Años,Ofinica Central y sede,Creacion del documento,01/08/2031,Activo
01/08/2026,FMT,GMD,017,FMT-GMD-017,Fomato auditoria de historia clinica consulta medicina interna,1,01/08/2026,Intranet,Misional,Gestión Integral de Calidad,,X,X,SI,5 Años,Ofinica Central y sede,Creacion del documento,01/08/2031,Activo
01/08/2026,INS,GMD,017,INS-GMD-017,Logueo En Sede,1,01/08/2026,Intranet,Misional,Gestión de especialistas,X,X,X,SI,5 años,Ofinica Central y sede,Creacion del documento,01/08/2031,Activo
01/08/2026,DA,GMD,018,DA-GMD-018,Guía atención consulta preconcepcional,1,01/08/2026,Intranet,Misional,Gestión de medicina general,,X,X,SI,5 Años,Ofinica Central y sede,Creacion del documento,01/08/2031,Activo
01/08/2026,FMT,GMD,018,FMT-GMD-018,Fomato auditoria de historia clinica consulta pediatria,1,01/08/2026,Intranet,Misional,Gestión Integral de Calidad,,X,X,SI,5 Años,Ofinica Central y sede,Creacion del documento,01/08/2031,Activo
01/08/2026,INS,GMD,018,INS-GMD-018,Modelo de Atencion En Alta Resolucion de Pediatria,1,01/08/2026,Intranet,Misional,Gestión de especialistas,X,X,X,SI,5 años,Ofinica Central y sede,Creacion del documento,01/08/2031,Activo
01/08/2026,DA,GMD,019,DA-GMD-019,Principales motivos de consulta en medicina general,1,01/08/2026,Intranet,Misional,Gestión de medicina general,,X,X,SI,5 Años,Ofinica Central y sede,Creacion del documento,01/08/2031,Activo
01/08/2026,FMT,GMD,019,FMT-GMD-019,Fomato auditoria de historia clinica consulta RCV,1,01/08/2026,Intranet,Misional,Gestión Integral de Calidad,,X,X,SI,5 Años,Ofinica Central y sede,Creacion del documento,01/08/2031,Activo
01/08/2026,INS,GMD,019,INS-GMD-019,Manejo de Personal Auxiliar Administrativo para Especialistas,1,01/08/2026,Intranet,Misional,Gestión de especialistas,X,X,X,SI,5 años,Ofinica Central y sede,Creacion del documento,01/08/2031,Activo
01/08/2026,DA,GMD,020,DA-GMD-020,Modelo de historia clínica consulta de medicina general,1,01/08/2026,Intranet,Misional,Gestión de medicina general,,X,X,SI,5 Años,Ofinica Central y sede,Creacion del documento,01/08/2031,Activo
01/08/2026,INS,GMD,020,INS-GMD-020,Modelo de Atencion de Alta Resolucion para Ginecologia,1,01/08/2026,Intranet,Misional,Gestión de especialistas,X,X,X,SI,5 años,Ofinica Central y sede,Creacion del documento,01/08/2031,Activo
01/08/2026,DA,GMD,021,DA-GMD-021,Modelo de historia clínica consulta aiepi,1,01/08/2026,Intranet,Misional,Gestión de medicina general,,X,X,SI,5 Años,Ofinica Central y sede,Creacion del documento,01/08/2031,Activo
01/08/2026,INS,GMD,021,INS-GMD-021,Facturación de Honorarios,1,01/08/2026,Intranet,Misional,Gestión de especialistas,X,X,X,SI,5 años,Ofinica Central y sede,Creacion del documento,01/08/2031,Activo
01/08/2026,DA,GMD,022,DA-GMD-022,Modelo de historia clínica de consulta de ingreso a cyd,1,01/08/2026,Intranet,Misional,Gestión de medicina general,,X,X,SI,5 Años,Ofinica Central y sede,Creacion del documento,01/08/2031,Activo
01/08/2026,INS,GMD,022,INS-GMD-022,Red Externa,1,01/08/2026,Intranet,Misional,Gestión de especialistas,X,X,X,SI,5 años,Ofinica Central y sede,Creacion del documento,01/08/2031,Activo
01/08/2026,DA,GMD,023,DA-GMD-023,Modelo de historia clínica de consulta de control de cyd,1,01/08/2026,Intranet,Misional,Gestión de medicina general,,X,X,SI,5 Años,Ofinica Central y sede,Creacion del documento,01/08/2031,Activo
01/08/2026,INS,GMD,023,INS-GMD-023,Correo de Bienvenida,1,01/08/2026,Intranet,Misional,Gestión de especialistas,X,X,X,SI,5 años,Ofinica Central y sede,Creacion del documento,01/08/2031,Activo
01/08/2026,DA,GMD,024,DA-GMD-024,Modelo de historia clínica Dermatologia,1,01/08/2026,Intranet,Misional,Gestión de especialistas,,X,X,SI,5 Años,Ofinica Central y sede,Creacion del documento,01/08/2031,Activo
01/08/2026,INS,GMD,024,INS-GMD-024,Ingreso de Especialistas,1,01/08/2026,Intranet,Misional,Gestión de especialistas,X,X,X,SI,5 años,Ofinica Central y sede,Creacion del documento,01/08/2031,Activo
01/08/2026,DA,GMD,025,DA-GMD-025,Modelo de historia clínica Medicina Interna,1,01/08/2026,Intranet,Misional,Gestión de especialistas,,X,X,SI,5 Años,Ofinica Central y sede,Creacion del documento,01/08/2031,Activo
01/08/2026,DA,GMD,026,DA-GMD-026,Modelo de Historia clínica del programa de anticoagulación,1,01/08/2026,Intranet,Misional,Gestión de medicina general,,X,X,SI,5 Años,Ofinica Central y sede,Creacion del documento,01/08/2031,Activo
01/08/2026,INS,GMD,026,INS-GMD-026,Manejo de Novedades para Especialistas,1,01/08/2026,Intranet,Misional,Gestión de especialistas,X,X,X,SI,5 años,Ofinica Central y sede,Creacion del documento,01/08/2031,Activo
01/08/2026,DA,GMD,027,DA-GMD-027,Guia de gestión medica,1,01/08/2026,Intranet,Misional,Gestión de medicina general,,X,X,SI,5 Años,Ofinica Central y sede,Creacion del documento,01/08/2031,Activo
01/08/2026,DA,GMD,028,DA-GMD-028,Modelo de historia clínica Ginecologia,1,01/08/2026,Intranet,Misional,Gestión de especialistas,,X,X,SI,5 Años,Ofinica Central y sede,Creacion del documento,01/08/2031,Activo
01/08/2026,INS,GMD,028,INS-GMD-028,Contratación de Especialistas,1,01/08/2026,Intranet,Misional,Gestión de especialistas,X,X,X,SI,5 años,Ofinica Central y sede,Creacion del documento,01/08/2031,Activo
01/08/2026,DA,GMD,029,DA-GMD-029,Protocolo sifilis gestacional y congénita,1,01/08/2026,Intranet,Misional,Gestión de medicina general,,X,X,SI,5 Años,Ofinica Central y sede,Creacion del documento,01/08/2031,Activo
01/08/2026,INS,GMD,029,INS-GMD-029,Funciones Lider de Gestion Asistencial de Especialistas,1,01/08/2026,Intranet,Misional,Gestión de especialistas,X,X,X,SI,5 años,Ofinica Central y sede,Creacion del documento,01/08/2031,Activo
01/08/2026,DA,GMD,030,DA-GMD-030,Modelo de historia clinica de consulta de ingreso/control de dislipidemia,1,01/08/2026,Intranet,Misional,Gestión de medicina general,,X,X,SI,5 Años,Ofinica Central y sede,Creacion del documento,01/08/2031,Activo
30/8/2026,INS,GMD,030,INS-GMD-030,Modelo de Atencion de Alta Resolucion para Ortopedia,v01,30/8/2026,Intranet,Misional,Gestión de Especialistas,X,X,X,SI,5 Años,Archivo Digital,Creación del documento,30/08/2031,Activo
01/08/2026,DA,GMD,031,DA-GMD-031,Modelo de historia clínica Pediatría,1,01/08/2026,Intranet,Misional,Gestión de especialistas,,X,X,SI,5 Años,Ofinica Central y sede,Creacion del documento,01/08/2031,Activo
01/08/2026,DA,GTH,001,DA-GTH-001,Generalidades en Seguridad y salud en el trabajo,1,01/08/2026,Intranet,Apoyo,Gestión Talento Humano,,X,X,SI,5 Años,Ofinica Central y sede,Creacion del documento,01/08/2031,Activo
01/08/2026,FMT,GTH,001,FMT-GTH-001,Requisicion de personal,1,01/08/2026,Intranet,Apoyo,Selección,,X,X,SI,5 Años,Ofinica Central y sede,Creacion del documento,01/08/2031,Activo
01/08/2026,INS,GTH,001,INS-GTH-001,Seguridad en el descarte del material cortopunzante,1,01/08/2026,Intranet,Apoyo,Seguridad y Salud en el Trabajo,,X,X,SI,5 Años,Oficina central,Creacion del documento,01/08/2031,Activo
01/08/2026,MN,GTH,001,MN-GTH-001,Selección y contratacion del talento humano,1,01/08/2026,Intranet,Apoyo,Selección,X,X,,SI,5 Años,Oficina central,Creacion del documento,01/08/2031,Activo
01/08/2026,PT,GTH,001,PT-GTH-001,Política de sistema de gestion de seguridad y salud en el trabajo,1,01/08/2026,Intranet,Apoyo,Seguridad y Salud en el Trabajo,X,X,X,SI,Infinitivo,Ofinica Central y sede,Creacion del documento,,Activo
01/08/2026,RG,GTH,001,RG-GTH-001,Reglamento interno de trabajo,1,01/08/2026,Intranet,Apoyo,Gestión Talento Humano,,X,X,NO,5 Años,Ofinica Central y sede,Creacion del documento,01/08/2031,Activo
01/08/2026,DA,GTH,002,DA-GTH-002,Plataforma estrategica Unión para la Salud y la Vida,1,01/08/2026,Intranet,Apoyo,Gestión Talento Humano,X,X,X,SI,5 Años,Archivo Digital,Creación del documento,01/08/2031,Activo
01/08/2026,FMT,GTH,002,FMT-GTH-002,Entrevista lider de area,1,01/08/2026,Intranet,Apoyo,Selección,X,X,X,SI,5 Años,Ofinica Central y sede,Creacion del documento,01/08/2031,Activo
01/08/2026,INS,GTH,002,INS-GTH-002,Analisis de incidente y accidente de trabajo,1,01/08/2026,Intranet,Apoyo,Seguridad y Salud en el Trabajo,,X,,SI,5 Años,Oficina central,Creacion del documento,01/08/2031,Activo
01/08/2026,MN,GTH,002,MN-GTH-002,Plan de bienestar institucional,1,01/08/2026,Intranet,Apoyo,Bienestar,X,X,X,SI,5 Años,Oficina Central y sede,Creacion del documento,01/08/2031,Activo
01/08/2026,PT,GTH,002,PT-GTH-002,"Política de prevención y control de consumo o uso de sustancias psicoactivas, alcohol y tabaco",1,01/08/2026,Intranet,Apoyo,Gestión Talento Humano,X,X,X,SI,Infinitivo,Ofinica Central y sede,Creacion del documento,N/A,Activo
1/8/2026,RG,GTH,002,RG-GTH-002,Reglamento de higiene y seguridad industrial,1,1/8/2026,Intranet,Apoyo,Seguridad y Salud en el Trabajo,,X,X,SI,5 Años,Ofinica Central y sede,Creacion del documento,01/08/2031,Activo
01/08/2026,FMT,GTH,003,FMT-GTH-003,Asistencia actividades de formacion,1,01/08/2026,Intranet,Apoyo,Formacion,,X,X,SI,5 Años,Ofinica Central y sede,Creacion del documento,01/08/2031,Activo
01/08/2026,INS,GTH,003,INS-GTH-003,Inspeccion de seguridad de los centros integrales de salud,1,01/08/2026,Intranet,Apoyo,Seguridad y Salud en el Trabajo,,X,,SI,5 Años,Oficina central,Creacion del documento,01/08/2031,Activo
01/08/2026,MN,GTH,003,MN-GTH-003,"Identificacion de peligros, control y valoracion de los riesgos laborales",1,01/08/2026,Intranet,Apoyo,Seguridad y Salud en el Trabajo,,X,,SI,5 Años,Oficina central,Creacion del documento,01/08/2031,Activo
01/08/2026,PT,GTH,003,PT-GTH-003,Política de vinculación de familiares,1,01/08/2026,Intranet,Apoyo,Contratacion,X,X,,SI,5 Años,Oficina central,Creacion del documento,01/08/2031,Activo
01/08/2026,FMT,GTH,004,FMT-GTH-004,Solicitud de cambios de turno,1,01/08/2026,Intranet,Apoyo,Bienestar,,X,X,SI,5 Años,Ofinica Central y sede,Creacion del documento,01/08/2031,Activo
01/08/2026,INS,GTH,004,INS-GTH-004,Liquidacion de nomina,1,01/08/2026,Intranet,Apoyo,Nomina,,X,X,SI,5 Años,Oficina central,Creacion del documento,01/08/2031,Activo
01/08/2026,MN,GTH,004,MN-GTH-004,Manual de bioseguridad,1,01/08/2026,Intranet,Apoyo,Seguridad y Salud en el Trabajo,,X,,SI,5 Años,Ofinica Central y sede,Creacion del documento,01/08/2031,Activo
01/08/2026,PT,GTH,004,PT-GTH-004,Política de vida sana,1,01/08/2026,Intranet,Estrategico,Políticas Institucionales,X,X,X,SI,5 Años,Archivo Digital,Creacion del documento,01/08/2031,Activo
01/08/2026,FMT,GTH,005,FMT-GTH-005,Seguimiento al talento humano,1,01/08/2026,Intranet,Apoyo,Desempeño,,X,X,SI,5 Años,Ofinica Central y sede,Creacion del documento,01/08/2031,Activo
01/08/2026,INS,GTH,005,INS-GTH-005,Gestion y seguimiento al ausentismo laboral,1,01/08/2026,Intranet,Apoyo,Nomina,,X,X,SI,5 Años,Oficina central,Creacion del documento,01/08/2031,Activo
01/08/2026,MN,GTH,005,MN-GTH-005,"Prevención y control de consumo o uso de sustancias psicoactivas, alcohol y tabaco",1,01/08/2026,Intranet,Apoyo,Gestión Talento Humano,,X,X,SI,5 Años,Oficina central,Creacion del documento,01/08/2031,Activo
01/08/2026,PT,GTH,005,PT-GTH-005,Política para la protección y promocion de los derechos humanos,1,01/08/2026,Intranet,Estrategico,Políticas Institucionales,X,X,X,SI,5 Años,Ofinica Central y sede,Creacion del documento,,Activo
01/08/2026,FMT,GTH,006,FMT-GTH-006,Asistencia a entrevista grupal,1,01/08/2026,Intranet,Apoyo,Selección,,X,X,SI,5 Años,Ofinica Central y sede,Creacion del documento,01/08/2031,Activo
01/08/2026,INS,GTH,006,INS-GTH-006,Notificion y manejo del accidente/incidente de trabajo,1,01/08/2026,Intranet,Apoyo,Seguridad y Salud en el Trabajo,,X,X,SI,5 Años,Ofinica Central y sede,Creacion del documento,01/08/2031,Activo
01/08/2026,MN,GTH,006,MN-GTH-006,Manual de convivencia laboral,1,01/08/2026,Intranet,Apoyo,Gestion Humana,,X,X,SI,5 Años,Ofinica Central y sede,Creacion del documento,,Activo
01/08/2026,PT,GTH,006,PT-GTH-006,Política de equidad salarial,1,01/08/2026,Intranet,Estrategico,Políticas Institucionales,X,X,X,SI,5 Años,Ofinica Central y sede,Creacion del documento,01/08/2031,Activo
01/08/2026,FMT,GTH,007,FMT-GTH-007,Actualizacion hoja de vida,1,01/08/2026,Intranet,Apoyo,Selección,,X,X,SI,5 Años,Ofinica Central y sede,Creacion del documento,01/08/2031,Activo
01/08/2026,INS,GTH,007,INS-GTH-007,Plan de evacuacion de la sede administrativa cuidad del rio,1,01/08/2026,Intranet,Apoyo,Seguridad y Salud en el Trabajo,,X,,SI,5 Años,Oficina central,Creacion del documento,01/08/2031,Activo
01/08/2026,MN,GTH,007,MN-GTH-007,Programa de estilo de vida saludable,1,01/08/2026,Intranet,Apoyo,Gestión Talento Humano,X,X,X,SI,5 Años,Ofinica Central y sede,Creacion del documento,01/08/2031,Activo
01/08/2026,PT,GTH,007,PT-GTH-007,"Política prevención y atención del acoso sexual, violencia basada en género y personas de los sectores sociales LGBTIQ+ en el ámbito laboral",1,01/08/2026,Intranet,Apoyo,Gestion Humana,X,X,X,SI,5 Años,Ofinica Central y sede,Creacion del documento,01/08/2031,Activo
01/08/2026,FMT,GTH,008,FMT-GTH-008,Autobiografia,1,01/08/2026,Intranet,Apoyo,Selección,,X,X,SI,5 Años,Ofinica Central y sede,Creacion del documento,01/08/2031,Activo
01/08/2026,INS,GTH,008,INS-GTH-008,Programa de auditoria del sistema de seguridad y salud en el trabajo,1,01/08/2026,Intranet,Apoyo,Seguridad y Salud en el Trabajo,,X,X,SI,5 Años,Ofinica Central y sede,Creacion del documento,01/08/2031,Activo
01/08/2026,MN,GTH,008,MN-GTH-008,Pruebas psicotecnicas,1,01/08/2026,Intranet,Apoyo,Selección,X,X,,SI,5 Años,Archivo Digital,Creacion del documento,01/08/2031,Activo
01/08/2026,PT,GTH,008,PT-GTH-008,Política de comunicaciones,1,01/08/2026,Intranet,Apoyo,Comunicaciones,X,X,X,SI,5 Años,Archivo Digital,Creacion del documento,01/08/2031,Activo
01/08/2026,FMT,GTH,009,FMT-GTH-009,Documentacion requerida para el ingreso de personal,1,01/08/2026,Intranet,Apoyo,Selección,,X,X,SI,5 Años,Ofinica Central y sede,Creacion del documento,01/08/2031,Activo
01/08/2026,INS,GTH,009,INS-GTH-009,"Identificacion de peligros, control y valoracion de los riesgos",1,01/08/2026,Intranet,Apoyo,Seguridad y Salud en el Trabajo,,X,X,SI,5 Años,Ofinica Central y sede,Creacion del documento,01/08/2031,Activo
01/08/2026,MN,GTH,009,MN-GTH-009,"Prevención y atención del acoso sexual, violencia basada en género y las personas de los sectores sociales LGBTIQ+ en el ámbito laboral",1,01/08/2026,Intranet,Apoyo,Gestion Humana,X,X,X,SI,5 Años,Ofinica Central y sede,Creacion del documento,01/08/2031,Activo
01/08/2026,FMT,GTH,010,FMT-GTH-010,Documentacion requerida para prestadores de servicios,1,01/08/2026,Intranet,Apoyo,Selección,,X,X,SI,5 Años,Ofinica Central y sede,Creacion del documento,01/08/2031,Activo
01/08/2026,INS,GTH,010,INS-GTH-010,Procedimiento para el analisis e investigacion de incidentes y accidentes,1,01/08/2026,Intranet,Apoyo,Gestión Talento Humano,,X,X,SI,5 Años,Ofinica Central y sede,Creacion del documento,01/08/2031,Activo
01/08/2026,FMT,GTH,011,FMT-GTH-011,Documentacion requerida para el ingreso de personal en formacion,1,01/08/2026,Intranet,Apoyo,Selección,,X,X,SI,5 Años,Ofinica Central y sede,Creacion del documento,01/08/2031,Activo
01/08/2026,INS,GTH,011,INS-GTH-011,Protocolo de entrega y registro de elementos de protección personal,1,01/08/2026,Intranet,Apoyo,Seguridad y Salud en el Trabajo,,X,,SI,5 Años,Ofinica Central y sede,Creacion del documento,01/08/2031,Activo
01/08/2026,FMT,GTH,012,FMT-GTH-012,Entrevista individual gestion del talento humano,1,01/08/2026,Intranet,Apoyo,Selección,,X,X,SI,5 Años,Ofinica Central y sede,Creacion del documento,01/08/2031,Activo
01/08/2026,INS,GTH,012,INS-GTH-012,Procedimiento de reintegro laboral,1,01/08/2026,Intranet,Apoyo,Seguridad y Salud en el Trabajo,,X,,SI,5 Años,Ofinica Central y sede,Creacion del documento,01/08/2031,Activo
01/08/2026,FMT,GTH,013,FMT-GTH-013,Reporte de incidente-accidente de trabajo,1,01/08/2026,Intranet,Apoyo,Seguridad y Salud en el Trabajo,,X,X,SI,5 Años,Ofinica Central y sede,Creacion del documento,01/08/2031,Activo
01/08/2026,INS,GTH,013,INS-GTH-013,Solicitud de licencias no remuneradas,1,01/08/2026,Intranet,Apoyo,Gestión Talento Humano,,X,X,SI,5 Años,Ofinica Central y sede,"Retirado: Se esta actualizando la información, se volvera a montar cuando se actualice.",01/08/2031,Inactivo / Retirado
01/08/2026,FMT,GTH,014,FMT-GTH-014,Reporte de actos y condiciones inseguras,1,01/08/2026,Intranet,Apoyo,Seguridad y Salud en el Trabajo,,X,X,SI,5 Años,Ofinica Central y sede,Creacion del documento,01/08/2031,Activo
01/08/2026,INS,GTH,014,INS-GTH-014,Gestion y logistica del banco de uniformes,1,01/08/2026,Intranet,Apoyo,Bienestar,,X,X,SI,5 Años,Archivo Digital,Creacion del documento,01/08/2031,Activo
01/08/2026,FMT,GTH,015,FMT-GTH-015,Matriz de elementos de proteccion personal,1,01/08/2026,Intranet,Apoyo,Seguridad y Salud en el Trabajo,,X,X,SI,5 Años,Ofinica Central y sede,Creacion del documento,01/08/2031,Activo
01/08/2026,INS,GTH,015,INS-GTH-015,Patrocinio y permiso para la formacion individual,1,01/08/2026,Intranet,Apoyo,Formacion,,X,X,SI,5 Años,Archivo Digital,Creacion del documento,01/08/2031,Activo
01/08/2026,FMT,GTH,016,FMT-GTH-016,"Matriz de identificacion de peligros, evaluacion y valoracion del riesgo",1,01/08/2026,Intranet,Apoyo,Seguridad y Salud en el Trabajo,,X,X,SI,5 Años,Ofinica Central y sede,Creacion del documento,01/08/2031,Activo
01/08/2026,INS,GTH,016,INS-GTH-016,Programa higiene de manos,1,01/08/2026,Intranet,Apoyo,Seguridad y Salud en el Trabajo,X,X,X,SI,5 Años,Archivo Digital,Creacion del documento,01/08/2031,Activo
01/08/2026,FMT,GTH,017,FMT-GTH-017,Declaracion de dependencia economica,1,01/08/2026,Intranet,Apoyo,Contratacion,,X,X,SI,5 Años,Ofinica Central y sede,Creacion del documento,01/08/2031,Activo
01/08/2026,FMT,GTH,018,FMT-GTH-018,Autorizacion de consignacion en cuenta bancaria,1,01/08/2026,Intranet,Apoyo,Contratacion,,X,X,SI,5 Años,Ofinica Central y sede,Creacion del documento,01/08/2031,Activo
01/08/2026,FMT,GTH,019,FMT-GTH-019,Certificado de afiliacion a EAPB y pension,1,01/08/2026,Intranet,Apoyo,Contratacion,,X,X,SI,5 Años,Ofinica Central y sede,Creacion del documento,01/08/2031,Activo
01/08/2026,FMT,GTH,020,FMT-GTH-020,Autorizacion de consignacion de cesantias por fondo,1,01/08/2026,Intranet,Apoyo,Contratacion,,X,X,SI,5 Años,Ofinica Central y sede,Creacion del documento,01/08/2031,Activo
01/08/2026,FMT,GTH,021,FMT-GTH-021,Registro de talla de uniforme,1,01/08/2026,Intranet,Apoyo,Contratacion,,X,X,SI,5 Años,Ofinica Central y sede,Creacion del documento,01/08/2031,Activo
01/08/2026,FMT,GTH,022,FMT-GTH-022,Autorizacion descuento de nomina,1,01/08/2026,Intranet,Apoyo,Contratacion,,X,X,SI,5 Años,Ofinica Central y sede,Creacion del documento,01/08/2031,Activo
01/08/2026,FMT,GTH,023,FMT-GTH-023,Matriz de ingreso de personal a nomina,1,01/08/2026,PC de GIC,Apoyo,Nomina,,,X,SI,5 Años,Oficina central,Estructura documental,01/08/2031,Activo
01/08/2026,FMT,GTH,024,FMT-GTH-024,Paz y salvo para liquidacion definitiva de prestaciones sociales,1,01/08/2026,Intranet,Apoyo,Nomina,,X,,SI,5 Años,Ofinica Central y sede,Creacion del documento,01/08/2031,Activo
01/08/2026,FMT,GTH,025,FMT-GTH-025,Reporte del estado de horas laboradas al egreso,1,01/08/2026,Intranet,Apoyo,Nomina,,X,,SI,5 Años,Ofinica Central y sede,Actualizacion de contenido,01/08/2031,Activo
01/08/2026,FMT,GTH,026,FMT-GTH-026,Encuesta de retiro de personal,1,01/08/2026,Intranet,Apoyo,Contratacion,,X,,SI,5 Años,Ofinica Central y sede,Creacion del documento,01/08/2031,Activo
01/08/2026,FMT,GTH,027,FMT-GTH-027,Identificacion de necesidades de formacion,1,01/08/2026,Intranet,Apoyo,Formacion,,X,,SI,5 Años,Ofinica Central y sede,Creacion del documento,01/08/2031,Activo
01/08/2026,FMT,GTH,028,FMT-GTH-028,Evaluacion del evento formativo,1,01/08/2026,Intranet,Apoyo,Formacion,,X,,SI,5 Años,Ofinica Central y sede,Creacion del documento,01/08/2031,Activo
01/08/2026,FMT,GTH,029,FMT-GTH-029,Seguimiento a periodo de prueba,1,01/08/2026,Intranet,Apoyo,Desempeño,,X,,SI,5 Años,Ofinica Central y sede,Creacion del documento,01/08/2031,Activo
01/08/2026,FMT,GTH,030,FMT-GTH-030,Seguimiento a examenes medicos de ingreso,1,01/08/2026,Intranet,Apoyo,Selección,,X,X,SI,5 Años,Oficina central,Creacion del documento,01/08/2031,Activo
01/08/2026,FMT,GTH,031,FMT-GTH-031,Reporte de violencia en el lugar de trabajo,1,01/08/2026,Intranet,Apoyo,Seguridad y Salud en el Trabajo,,X,X,SI,5 Años,Oficina central,Creacion del documento,01/08/2031,Activo
01/08/2026,FMT,GTH,032,FMT-GTH-032,Seguimiento al esquema de vacunacion,1,01/08/2026,Intranet,Apoyo,Seguridad y Salud en el Trabajo,,X,X,SI,5 Años,Oficina central,Creacion del documento,01/08/2031,Activo
01/08/2026,FMT,GTH,033,FMT-GTH-033,Matriz de seguimiento a acciones preventivas y correctivas,1,01/08/2026,Intranet,Apoyo,Seguridad y Salud en el Trabajo,,X,X,SI,5 Años,Oficina central,Creacion del documento,01/08/2031,Activo
01/08/2026,FMT,GTH,034,FMT-GTH-034,Caracterizacion de accidentes de trabajo,1,01/08/2026,Intranet,Apoyo,Seguridad y Salud en el Trabajo,,X,X,SI,5 Años,Oficina central,Creacion del documento,01/08/2031,Activo
01/08/2026,FMT,GTH,035,FMT-GTH-035,Plan de induccion y entrenamiento personal administrativo,1,01/08/2026,Intranet,Apoyo,Induccion,,X,X,SI,5 Años,Ofinica Central y sede,Creacion del documento,01/08/2031,Activo
01/08/2026,FMT,GTH,036,FMT-GTH-036,Plan de induccion y entrenamiento lider medico,1,01/08/2026,Intranet,Apoyo,Induccion,,X,X,SI,5 Años,Ofinica Central y sede,Creacion del documento,01/08/2031,Activo
01/08/2026,FMT,GTH,037,FMT-GTH-037,Plan de induccion y entrenamiento medicos generales,1,01/08/2026,Intranet,Apoyo,Induccion,,X,X,SI,5 Años,Ofinica Central y sede,Creacion del documento,01/08/2031,Activo
01/08/2026,FMT,GTH,038,FMT-GTH-038,Reporte de exposicion ocupacional,1,01/08/2026,Intranet,Apoyo,Seguridad y Salud en el Trabajo,,X,X,SI,5 Años,Ofinica Central y sede,Creacion del documento,01/08/2031,Activo
01/08/2026,FMT,GTH,039,FMT-GTH-039,Acta de cierre de caso,1,01/08/2026,Intranet,Apoyo,Gestión Talento Humano,,X,X,SI,5 Años,Ofinica Central y sede,Creacion del documento,01/08/2031,Activo
01/08/2026,FMT,GTH,040,FMT-GTH-040,Seguimiento a la implementacion de recomendaciones laborales,1,01/08/2026,Intranet,Apoyo,Gestión Talento Humano,,X,X,SI,5 Años,Ofinica Central y sede,Creacion del documento,01/08/2031,Activo
01/08/2026,FMT,GTH,041,FMT-GTH-041,Acta de implementacion de recomendaciones laborales,1,01/08/2026,Intranet,Apoyo,Gestión Talento Humano,,X,X,SI,5 Años,Ofinica Central y sede,Creacion del documento,01/08/2031,Activo
01/08/2026,FMT,GTH,042,FMT-GTH-042,Reporte de estado de gestacion,1,01/08/2026,Intranet,Apoyo,Seguridad y Salud en el Trabajo,,X,X,SI,5 Años,Ofinica Central y sede,Creacion del documento,01/08/2031,Activo
01/08/2026,FMT,GTH,043,FMT-GTH-043,Investigacion de incidentes y accidentes de trabajo,1,01/08/2026,Intranet,Apoyo,Seguridad y Salud en el Trabajo,,X,X,SI,5 Años,Ofinica Central y sede,Creacion del documento,01/08/2031,Activo
01/08/2026,FMT,GTH,044,FMT-GTH-044,Encuesta para colaboradores con exposicion a tuberculosis,1,01/08/2026,Intranet,Apoyo,Seguridad y Salud en el Trabajo,,X,X,SI,5 Años,Ofinica Central y sede,Creacion del documento,01/08/2031,Activo
01/08/2026,FMT,GTH,045,FMT-GTH-045,Autorización uso del plan de bienestar,1,01/08/2026,Intranet,Apoyo,Bienestar,X,X,X,SI,5 Años,Ofinica Central y sede,Creacion del documento,01/08/2031,Activo
01/08/2026,FMT,GTH,046,FMT-GTH-046,Plan de auditoria del sistema de seguridad y salud en el trabajo,1,01/08/2026,Intranet,Apoyo,Seguridad y Salud en el Trabajo,,X,,SI,5 Años,Oficina central,Creacion del documento,01/08/2031,Activo
01/08/2026,FMT,GTH,047,FMT-GTH-047,Informe de auditoria del sistema de seguridad y salud en el trabajo,1,01/08/2026,Intranet,Apoyo,Seguridad y Salud en el Trabajo,,X,,SI,5 Años,Oficina central,Creacion del documento,01/08/2031,Activo
01/08/2026,FMT,GTH,048,FMT-GTH-048,Evaluacion inicial del sistema de seguridad y salud en el trabajo,1,01/08/2026,Intranet,Apoyo,Seguridad y Salud en el Trabajo,,X,,SI,5 Años,Oficina central,Creacion del documento,01/08/2031,Activo
01/08/2026,FMT,GTH,049,FMT-GTH-049,Autorizacion de tratamiento de datos personales,1,01/08/2026,Intranet,Apoyo,Gestion Documental,,X,X,SI,5 Años,Ofinica Central y sede,Creacion del documento,01/08/2031,Activo
01/08/2026,FMT,GTH,050,FMT-GTH-050,Registro de entrega de elementos de protecion personal,1,01/08/2026,Intranet,Apoyo,Seguridad y Salud en el Trabajo,,X,,SI,5 Años,Ofinica Central y sede,Creacion del documento,01/08/2031,Activo
01/08/2026,FMT,GTH,051,FMT-GTH-051,Plan de induccion y entrenamiento enfermeria,1,01/08/2026,Intranet,Apoyo,Induccion,,X,,SI,5 Años,Ofinica Central y sede,Creacion del documento,01/08/2031,Activo
01/08/2026,FMT,GTH,052,FMT-GTH-052,Cronograma de escuela de induccion medica,1,01/08/2026,Intranet,Apoyo,Gestión Talento Humano,,X,,SI,5 Años,Ofinica Central y sede,Creacion del documento,01/08/2031,Activo
01/08/2026,FMT,GTH,053,FMT-GTH-053,Categorias de reporte en la linea de transparencia,1,01/08/2026,Intranet,Apoyo,Gestion Humana,X,X,X,SI,5 Años,Ofinica Central y sede,Creacion del documento,01/08/2031,Activo
01/08/2026,FMT,GTH,054,FMT-GTH-054,Formato de evaluacion o inspeccion de condiciones de seguridad,1,01/08/2026,Intranet,Apoyo,Seguridad y Salud en el Trabajo,,X,,SI,5 Años,Ofinica Central y sede,Creacion del documento,01/08/2031,Activo
01/08/2026,FMT,GTH,055,FMT-GTH-055,Caracterizacion accidentalidad,1,01/08/2026,Intranet,Apoyo,Seguridad y Salud en el Trabajo,,X,,SI,5 Años,Ofinica Central y sede,Creacion del documento,01/08/2031,Activo
01/08/2026,FMT,GTH,056,FMT-GTH-056,"Solicitud de formacion continua, educacion superior o asistencia a eventos",1,01/08/2026,Intranet,Apoyo,Formacion,,X,X,SI,5 Años,Ofinica Central y sede,Creacion del documento,01/08/2031,Activo
01/08/2026,FMT,GTH,057,FMT-GTH-057,"Matriz de Seguimiento, acciones correctivas y preventivas",1,01/08/2026,Intranet,Apoyo,Gestión Talento Humano,,X,,SI,5 Años,Ofinica Central y sede,Creacion del documento,01/08/2031,Activo
01/08/2026,FMT,GTH,058,FMT-GTH-058,Acta seguimiento a temas de salud,1,01/08/2026,Intranet,Apoyo,Seguridad y Salud en el Trabajo,,X,,SI,5 Años,Ofinica Central y sede,Creacion del documento,01/08/2031,Activo
01/08/2026,FMT,GTH,059,FMT-GTH-059,Autorizacion especial para imagenes fotograficas y grabacion de video y audio,1,01/08/2026,Intranet,Apoyo,Comunicaciones,,X,X,SI,5 Años,Ofinica Central y sede,Creacion del documento,01/08/2031,Activo
01/08/2026,FMT,GTH,060,FMT-GTH-060,Evaluacion del periodo de prueba medico general,1,01/08/2026,Intranet,Apoyo,Desempeño,,X,X,SI,5 Años,Ofinica Central y sede,Creacion del documento,01/08/2031,Activo
01/08/2026,FMT,GTH,061,FMT-GTH-061,Lista de chequeo induccion de medicos especialistas,1,01/08/2026,Intranet,Apoyo,Induccion,,,,SI,5 Años,Archivo Digital,Creacion del documento,,Activo
01/08/2026,FMT,GTH,062,FMT-GTH-062,Responsabilidades y rendicion de cuentas de participantes de comité COPASST,1,01/08/2026,Intranet,Apoyo,Seguridad y Salud en el Trabajo,,X,X,SI,5 Años,Ofinica Central y sede,Creacion del documento,01/08/2031,Activo
01/08/2026,FMT,GTH,063,FMT-GTH-063,Responsabilidades y rendicion de cuentas de salud y seguridad en el trabajo,1,01/08/2026,Intranet,Apoyo,Seguridad y Salud en el Trabajo,,X,X,SI,5 Años,Ofinica Central y sede,Creacion del documento,01/08/2031,Activo
01/08/2026,FMT,GTH,064,FMT-GTH-064,Responsabilidades y rendicion de cuentas colaboradores,1,01/08/2026,Intranet,Apoyo,Seguridad y Salud en el Trabajo,,X,X,SI,5 Años,Archivo Digital,Creacion del documento,,Activo
01/08/2026,FMT,GTH,065,FMT-GTH-065,Responsabilidades y rendicion de cuentas lider,1,01/08/2026,Intranet,Apoyo,Seguridad y Salud en el Trabajo,,X,X,SI,5 Años,Archivo Digital,Creacion del documento,,Activo
01/08/2026,FMT,GTH,066,FMT-GTH-066,Responsabilidades y rendicion de cuentas CCL,1,01/08/2026,Intranet,Apoyo,Seguridad y Salud en el Trabajo,,X,X,SI,5 Años,Archivo Digital,Creacion del documento,,Activo
01/08/2026,FMT,GTH,067,FMT-GTH-067,Responsabilidades y rendicion de cuentas profesional SST,1,01/08/2026,Intranet,Apoyo,Seguridad y Salud en el Trabajo,,X,X,SI,5 Años,Archivo Digital,Creacion del documento,,Activo
01/08/2026,FMT,GTH,068,FMT-GTH-068,Responsabilidades y rendicion de cuentas auxiliar SST,1,01/08/2026,Intranet,Apoyo,Seguridad y Salud en el Trabajo,,X,X,SI,5 Años,Archivo Digital,Creacion del documento,,Activo
01/08/2026,FMT,GTH,069,FMT-GTH-069,Responsabilidades y rendicion de cuentas direccion,1,01/08/2026,Intranet,Apoyo,Seguridad y Salud en el Trabajo,,X,X,SI,5 Años,Archivo Digital,Creacion del documento,,Activo
01/08/2026,FMT,GTH,070,FMT-GTH-070,Responsabilidades y rendicion de cuentas médico laboral,1,01/08/2026,Intranet,Apoyo,Seguridad y Salud en el Trabajo,,X,X,SI,5 Años,Archivo Digital,Creacion del documento,,Activo
01/08/2026,FMT,GTH,071,FMT-GTH-071,Responsabilidades y rendicion de cuentas médico general,1,01/08/2026,Intranet,Apoyo,Seguridad y Salud en el Trabajo,,X,X,SI,5 Años,Archivo Digital,Creacion del documento,,Activo
01/08/2026,FMT,GTH,072,FMT-GTH-072,Control de producto archivo físico,1,01/08/2026,Intranet,Apoyo,Gestion Documental,,X,,SI,5 Años,Archivo Digital,Creación del documento,01/08/2031,Activo
01/08/2026,FMT,GTH,073,FMT-GTH-073,Formato entrega de dotación,1,01/08/2026,Intranet,Apoyo,Gestion Documental,,X,,SI,5 Años,Archivo Digital,Creación del documento,01/08/2031,Activo
01/08/2026,FMT,GTH,074,FMT-GTH-074,Formato préstamo de carpetas físicas,1,01/08/2026,Intranet,Apoyo,Gestion Documental,,X,,SI,5 Años,Archivo Digital,Creación del documento,01/08/2031,Activo
01/08/2026,DA,GTI,001,DA-GTI-001,Guion de llamadas a usuarios y reporte de citas medicas,1,01/08/2026,Intranet,Apoyo,Tecnologías de la Información,,X,X,SI,2 Años,Ofinica Central y sede,Creacion del documento,01/08/2028,Activo
01/08/2026,FMT,GTI,001,FMT-GTI-001,Autorizacion de recursos Tecnologicos,1,01/08/2026,PC de GIC,Apoyo,Tecnologías de la Información,,X,,SI,5 Años,Ofinica Central y sede,Creacion del documento,01/08/2031,Activo
01/08/2026,INS,GTI,001,INS-GTI-001,Atencion de consultas y reclamos de los titulares de los datos personales,1,01/08/2026,Intranet,Apoyo,Tecnologías de la Información,,X,X,SI,5 Años,Ofinica Central y sede,Creacion del documento,01/08/2031,Activo
01/08/2026,PT,GTI,001,PT-GTI-001,Política de tecnologias de la información,1,01/08/2026,Intranet,Estrategico,Tecnologías de la Información,X,X,X,SI,Infinitivo,Ofinica Central y sede,Creacion del documento,N/A,Activo
01/08/2026,FMT,GTI,002,FMT-GTI-002,Programacion de agendas,1,01/08/2026,Intranet,Apoyo,Tecnologías de la Información,,,X,SI,5 Años,Ofinica Central y sede,Creacion del documento,01/08/2031,Activo
01/08/2026,PT,GTI,002,PT-GTI-002,Política de tratamiento y protección de datos personales,1,01/08/2026,Intranet,Estrategico,Tecnologías de la Información,X,X,X,SI,Infinitivo,Ofinica Central y sede,Creacion del documento,N/A,Activo
01/08/2026,FMT,GTI,003,FMT-GTI-003,Consentimiento informado para auditoría de información,1,01/08/2026,Intranet,Apoyo,Tecnologías de la Información,,X,X,SI,5 Años,Ofinica Central y sede,Creacion del documento,01/08/2031,Activo
01/08/2026,FMT,GTI,004,FMT-GTI-004,SARLAF,1,01/08/2026,Intranet,Apoyo,Tecnologías de la Información,,X,,SI,5 Años,Ofinica Central y sede,Creacion del documento,01/08/2031,Activo